,age,job,marital,education,balance,housing,loan,duration,campaign,pdays,poutcome,y
34,0.760233605585709,9,2.0,2,-0.018968352491840496,0.0,0,0.41019857348464245,0.10555803772369084,-0.43628304720766903,0,0
38,-0.8751880092490727,4,2.0,1,0.9846713763589446,1.0,0,2.067138584964967,-0.6216195554839566,2.6747519678061282,1,1
54,0.005636772385397993,1,2.0,1,0.3512631919286714,1.0,0,0.07961686803114702,0.10555803772369084,-0.43628304720766903,0,0
65,0.9646613074400566,1,0.0,1,-0.46949107522041517,1.0,0,-0.47672795334180873,-0.6216195554839566,1.114699423834195,1,0
89,0.005636772385397993,1,2.0,1,0.20257582469151802,1.0,0,-0.19855554265533085,-0.25803075888013294,-0.43628304720766903,0,0
90,-0.2619049036860296,1,2.0,0,-0.4367798544282414,0.0,0,-0.20661851108102586,-0.25803075888013294,-0.43628304720766903,0,0
94,1.5779444130030997,1,2.0,1,0.07693499937612343,0.0,0,-0.0856739846956007,0.8327356309313383,-0.43628304720766903,0,0
101,-0.3641187546132035,4,1.0,2,-0.29478341871676,1.0,0,1.212463931841296,-0.6216195554839566,2.9015037910578627,1,1
103,1.5779444130030997,7,1.0,0,0.9259398663002691,1.0,0,-0.7549003640282866,-0.25803075888013294,-0.43628304720766903,0,0
111,1.6801582639302737,4,2.0,2,0.08585624141035263,1.0,0,-0.9887264483734419,0.8327356309313383,-0.43628304720766903,0,0
120,-1.0796157111034204,0,0.0,1,-0.4077858178169965,1.0,0,1.3535658792909586,-0.6216195554839566,-0.43628304720766903,0,1
134,-1.488471114812116,9,1.0,1,-0.19218913532312415,1.0,0,0.26103365760928476,-0.25803075888013294,-0.43628304720766903,0,0
145,0.005636772385397993,4,2.0,2,-0.47209310414706535,0.0,1,1.3535658792909586,-0.25803075888013294,-0.43628304720766903,0,1
162,-0.0574772018316819,0,1.0,1,-0.5732005138683296,0.0,1,-0.8758448904137117,0.10555803772369084,-0.43628304720766903,0,0
168,0.6580197546585351,9,2.0,2,-0.4665173278756721,0.0,0,0.05028386974865333,-0.6216195554839566,-0.43628304720766903,0,0
188,-0.5685464564675512,9,,1,-0.46949107522041517,1.0,0,-0.4041612375105536,-0.25803075888013294,2.720102332456475,1,0
193,-0.5685464564675512,7,2.0,1,0.25833358740545054,0.0,0,-0.8234355956466942,-0.25803075888013294,-0.43628304720766903,0,0
197,-0.3641187546132035,7,2.0,1,-0.4776688804184586,0.0,1,-0.4041612375105536,-0.25803075888013294,-0.43628304720766903,0,0
205,0.3513782018770135,9,,2,-0.05548959779991345,1.0,0,-0.4565705322775712,-0.25803075888013294,-0.43628304720766903,0,0
218,0.760233605585709,1,,0,-0.4650304542033006,1.0,1,2.345310995651445,2.6506796139504574,-0.43628304720766903,0,1
251,-0.9774018601762466,4,2.0,2,0.39512596526363164,0.0,0,-0.47672795334180873,0.8327356309313383,-0.43628304720766903,0,0
259,-1.2840434129577682,1,,1,-0.2988723213157817,0.0,1,3.4055913436303387,0.10555803772369084,-0.43628304720766903,0,1
276,0.005636772385397993,3,2.0,2,3.6922683337475073,0.0,0,1.8010606269170317,-0.25803075888013294,0.28932278719788135,1,1
294,0.5558059037313612,4,2.0,2,0.8902548981633523,0.0,0,-0.6097669323657764,-0.25803075888013294,-0.43628304720766903,0,0
317,0.8624474565128828,0,2.0,0,-0.3754463154429157,0.0,1,1.5672345425718766,1.196324427535162,-0.43628304720766903,0,1
337,-0.8751880092490727,4,1.0,2,-0.4256283018854549,1.0,0,-0.9846949641605944,-0.6216195554839566,1.8765855499600228,1,0
344,-0.4663326055403773,4,1.0,3,-0.4579678042595358,1.0,0,1.220526900266991,-0.6216195554839566,-0.43628304720766903,0,1
365,-1.8973265185208112,8,1.0,1,-0.4490465622253066,0.0,0,0.059459446966909496,-0.6216195554839566,-0.43628304720766903,0,0
373,0.9646613074400566,9,2.0,1,-0.6189218792937543,1.0,0,0.035270541689824464,-0.6216195554839566,-0.43628304720766903,0,0
381,-0.2619049036860296,1,2.0,0,-0.3386461920517202,1.0,0,-0.7065225534741165,-0.6216195554839566,-0.43628304720766903,0,0
382,1.7823721148574474,5,2.0,2,3.118706814630188,0.0,0,-0.07357953205705818,-0.25803075888013294,-0.43628304720766903,0,0
383,-0.4663326055403773,7,2.0,1,0.015601460390797661,1.0,0,0.05028386974865333,-0.25803075888013294,2.6656818948760588,1,0
394,-0.8751880092490727,1,2.0,1,-0.4620567068585575,1.0,0,0.32150592080199736,-0.25803075888013294,2.819873134687238,1,0
411,0.005636772385397993,1,1.0,1,-0.4089009730712752,0.0,0,0.3618207629304724,-0.6216195554839566,-0.43628304720766903,0,0
416,-1.0796157111034204,7,1.0,1,-0.4680042015480436,0.0,0,0.2690966260349798,-0.25803075888013294,-0.43628304720766903,0,0
419,0.45359205280418735,9,2.0,1,0.013371149882240361,1.0,1,1.0552360475402434,-0.6216195554839566,-0.43628304720766903,0,1
446,-1.0796157111034204,9,2.0,1,0.400330023116932,1.0,0,-0.02117023729004061,-0.6216195554839566,-0.43628304720766903,0,0
492,0.005636772385397993,0,2.0,1,0.1895656800582671,0.0,0,0.17234100492663965,-0.6216195554839566,0.3981636623587139,2,0
494,0.24916435094983966,9,1.0,1,-0.38734130482188794,1.0,0,5.977678271427047,0.4691468343275146,-0.43628304720766903,0,1
502,-1.0796157111034204,4,2.0,2,-0.47320825940134403,0.0,0,-0.5734835744501489,0.8327356309313383,-0.43628304720766903,0,0
504,-0.0574772018316819,4,2.0,2,0.961253116019093,0.0,0,-0.0856739846956007,-0.6216195554839566,-0.43628304720766903,0,0
505,-1.0796157111034204,10,2.0,1,-0.368011947081058,1.0,0,0.5069541945929826,0.10555803772369084,-0.43628304720766903,0,0
513,0.6580197546585351,4,0.0,2,-0.47134966731087957,1.0,0,-0.6581447429199465,-0.25803075888013294,-0.43628304720766903,0,0
515,0.3513782018770135,10,0.0,0,-0.19664975634023876,0.0,0,-0.6017039639400814,-0.6216195554839566,2.520560727994949,1,0
522,0.1469505000226658,0,0.0,1,-0.20371240628400356,1.0,0,1.3414714266524161,0.4691468343275146,1.3051709553656519,1,1
531,1.6801582639302737,4,2.0,0,-0.44978999906149236,1.0,0,-0.7992466903696092,0.4691468343275146,-0.43628304720766903,0,0
557,0.1469505000226658,4,1.0,2,-0.4282303308121051,0.0,0,1.0028267527732257,-0.25803075888013294,-0.43628304720766903,0,1
590,0.3513782018770135,6,2.0,2,-0.3538866471935284,0.0,0,-0.6662077113456415,-0.25803075888013294,-0.43628304720766903,0,0
591,-0.2619049036860296,9,2.0,1,-0.42302627295880474,0.0,1,0.6158042683398652,-0.6216195554839566,-0.43628304720766903,0,0
606,-1.386257263884942,1,2.0,1,-0.4735799778194369,1.0,0,-0.005044300438650589,-0.6216195554839566,-0.43628304720766903,0,0
613,-0.0574772018316819,6,2.0,2,-0.39217364425709544,0.0,0,0.40213560505894747,-0.25803075888013294,-0.43628304720766903,0,0
614,-0.2619049036860296,9,2.0,2,-0.04647551543071387,1.0,0,-0.06551656363136317,-0.6216195554839566,2.620331530225712,1,0
624,-1.0796157111034204,6,2.0,2,-0.05651191271922172,0.0,0,-0.3154685848279085,-0.25803075888013294,-0.43628304720766903,0,0
635,-0.8751880092490727,4,0.0,2,-0.46763248312995076,0.0,1,-0.39206678487201113,-0.6216195554839566,-0.43628304720766903,0,0
636,-0.0574772018316819,1,0.0,0,0.3378813288773276,1.0,0,-0.1663036689525508,0.8327356309313383,-0.43628304720766903,0,0
641,1.475730562075926,11,2.0,3,-0.05548959779991345,0.0,0,0.8818822263878006,-0.25803075888013294,-0.43628304720766903,0,1
647,0.45359205280418735,4,0.0,2,1.8522621641877344,1.0,0,-0.013107268864345599,0.10555803772369084,0.5886351938901708,1,0
655,1.7823721148574474,5,2.0,0,-0.05548959779991345,1.0,0,-0.5976724797272339,1.559913224138986,-0.43628304720766903,0,0
673,-0.8751880092490727,4,2.0,2,-0.40815753623508944,1.0,0,-0.6178299007914714,0.4691468343275146,-0.43628304720766903,0,0
675,-0.4663326055403773,9,2.0,1,-0.45425062007860695,1.0,0,-0.053422110992820654,0.4691468343275146,2.094267300281688,3,0
679,0.24916435094983966,3,2.0,0,-0.33827447363362734,0.0,0,-0.17436663737824581,0.10555803772369084,-0.43628304720766903,0,0
684,-1.386257263884942,7,1.0,1,-0.41559190459694706,0.0,0,0.38197818399470995,0.10555803772369084,0.8425972359321136,2,0
694,0.760233605585709,4,2.0,2,-0.42488486504926914,0.0,0,-0.0856739846956007,-0.25803075888013294,-0.43628304720766903,0,0
695,0.9646613074400566,5,2.0,1,-0.4650304542033006,0.0,1,-0.5210742796831312,0.4691468343275146,-0.43628304720766903,0,0
706,-0.8751880092490727,9,1.0,2,-0.4323192334111268,0.0,0,0.04736499432836698,-0.6216195554839566,-0.43628304720766903,0,0
730,-0.3641187546132035,6,1.0,1,-0.052051291702107115,1.0,0,-0.6500817744942514,-0.25803075888013294,-0.43628304720766903,0,0
735,-1.1818295620305943,7,1.0,1,-0.26764797419597947,0.0,0,-0.5734835744501489,-0.6216195554839566,-0.43628304720766903,0,0
749,0.1469505000226658,1,0.0,0,-0.4598263963500002,1.0,0,-0.6137984165786239,-0.6216195554839566,-0.43628304720766903,0,0
766,1.5779444130030997,4,2.0,0,-0.4215393992864332,1.0,0,-0.10179992154699072,0.4691468343275146,-0.43628304720766903,0,0
769,1.0668751583672305,4,2.0,2,0.24458000593601384,1.0,0,-0.05745359520566816,0.10555803772369084,2.50242058213481,1,0
795,-1.1818295620305943,4,1.0,2,-0.4178222151055044,1.0,0,-0.26709077427373845,0.4691468343275146,-0.43628304720766903,0,0
803,1.5779444130030997,3,1.0,1,-0.38362412064095913,0.0,0,1.7083364900215392,-0.6216195554839566,-0.43628304720766903,0,1
813,-1.0796157111034204,4,2.0,1,-0.3048198160052678,1.0,0,-0.35578342695638354,-0.6216195554839566,-0.43628304720766903,0,0
822,-0.15969105275885576,6,2.0,2,4.602978458075071,0.0,0,-0.4606020164904187,-0.6216195554839566,0.806316944211836,3,0
830,0.04473664909549196,4,1.0,2,-0.05548959779991345,0.0,0,-0.6178299007914714,-0.6216195554839566,-0.43628304720766903,0,0
831,0.5558059037313612,1,2.0,1,0.26390936367684376,0.0,0,0.05028386974865333,-0.25803075888013294,-0.43628304720766903,0,0
837,-0.2619049036860296,7,1.0,1,-0.1933042905774028,1.0,0,1.6720531321059116,0.10555803772369084,2.810803061757169,3,1
860,1.6801582639302737,1,2.0,0,-0.46354358053092903,0.0,0,-0.3880353006591636,-0.25803075888013294,-0.43628304720766903,0,0
868,0.005636772385397993,9,2.0,1,-0.4256283018854549,1.0,0,0.18846694177802967,-0.25803075888013294,-0.43628304720766903,0,0
877,-1.1818295620305943,4,1.0,2,6.717684538605486,0.0,0,0.023176089051281948,-0.25803075888013294,-0.43628304720766903,0,0
883,0.3513782018770135,2,2.0,0,-0.45648093058716427,1.0,0,-0.5372002165345213,0.10555803772369084,2.93778408277814,1,0
892,-1.488471114812116,8,1.0,2,1.4887215512928946,0.0,0,-0.2429018689966534,-0.25803075888013294,0.40723373528878326,1,0
902,1.6801582639302737,9,1.0,1,-0.4598263963500002,0.0,1,1.5752975109975715,-0.25803075888013294,-0.43628304720766903,0,1
935,0.45359205280418735,1,2.0,0,-0.3687553839172438,0.0,0,0.09977428909538455,-0.25803075888013294,-0.43628304720766903,0,0
951,1.373516711148752,4,2.0,2,-0.11412826752361864,0.0,1,-0.5210742796831312,-0.6216195554839566,-0.43628304720766903,0,0
967,0.005636772385397993,1,2.0,1,1.9050461795569238,,1,-0.43641311121333365,-0.6216195554839566,1.9854264251208553,1,0
977,0.24916435094983966,6,2.0,2,-0.4282303308121051,0.0,0,-0.670239195558489,0.4691468343275146,-0.43628304720766903,0,0
993,-1.0796157111034204,0,2.0,1,-0.3613210155553861,1.0,0,0.10783725752107956,-0.6216195554839566,-0.43628304720766903,0,0
994,1.7823721148574474,3,2.0,0,-0.05548959779991345,0.0,0,-0.710554037686964,3.014268410554281,-0.43628304720766903,0,0
999,-2.203968071302333,8,1.0,1,-0.3698705391715224,0.0,0,-0.3235315532536035,0.8327356309313383,2.93778408277814,1,0
1001,-1.0796157111034204,9,1.0,2,-0.3152279317118686,1.0,0,-0.49285389019319875,-0.25803075888013294,-0.43628304720766903,0,0
1004,0.005636772385397993,1,2.0,1,-0.4691193568023223,1.0,1,-0.09373695312129571,0.10555803772369084,-0.43628304720766903,0,0
1024,-0.5685464564675512,1,2.0,1,0.3980997126083747,1.0,0,-0.09776843733414321,-0.25803075888013294,-0.43628304720766903,0,0
1032,0.45359205280418735,4,1.0,0,-0.27805608990258024,0.0,0,-0.5412317007473688,0.10555803772369084,-0.43628304720766903,0,0
1052,-1.1818295620305943,0,2.0,1,-0.47395169623752975,1.0,0,-0.3840038164463161,-0.6216195554839566,-0.43628304720766903,0,0
1066,-0.3641187546132035,9,2.0,1,-0.45053343589767814,0.0,0,0.027207573264129453,0.10555803772369084,-0.43628304720766903,0,0
1067,0.24916435094983966,4,2.0,1,2.593096971446851,1.0,0,-0.20661851108102586,4.8322123935734,-0.43628304720766903,0,0
1069,0.3513782018770135,9,1.0,3,-0.2111467746458612,1.0,1,-0.8032781745824566,-0.6216195554839566,1.1328395696943336,1,0
1096,0.45359205280418735,9,2.0,2,-0.3973777021103958,1.0,0,-0.4485075638518762,-0.6216195554839566,2.7110322595264056,3,0
1098,-0.4663326055403773,9,1.0,1,-0.05548959779991345,,0,-0.7387744271768966,-0.25803075888013294,-0.43628304720766903,0,0
1101,-1.386257263884942,4,2.0,2,-0.42302627295880474,1.0,0,-0.4404445954261812,-0.6216195554839566,-0.43628304720766903,0,0
1104,-0.4663326055403773,1,1.0,0,-0.1617082250395077,1.0,0,-0.40819272172340115,-0.6216195554839566,2.765452697106822,1,0
1109,1.7823721148574474,9,2.0,1,-0.4776688804184586,0.0,0,0.05028386974865333,-0.25803075888013294,3.001274593288626,1,0
1110,0.8624474565128828,1,0.0,0,-0.4784123172546444,0.0,1,0.47067083667735504,1.196324427535162,-0.43628304720766903,0,0
1155,-0.9774018601762466,9,1.0,2,-0.38176552855049467,0.0,0,0.6238672367655602,0.4691468343275146,-0.43628304720766903,0,0
1181,0.005636772385397993,7,2.0,1,-0.412618157252204,,0,-0.4041612375105536,-0.6216195554839566,1.2235402989950275,2,0
1189,0.005636772385397993,9,1.0,1,-0.47023451205660094,0.0,0,0.019144604838434442,-0.25803075888013294,-0.43628304720766903,0,0
1197,2.293441369493317,4,2.0,2,-0.22564379295148368,0.0,0,-0.47269646912896124,0.10555803772369084,-0.43628304720766903,0,0
1210,1.8845859657846213,0,0.0,1,-0.4133615940883898,1.0,0,-0.04535914256712564,-0.6216195554839566,2.8742935722676544,1,0
1211,2.4978690713476643,0,1.0,1,-0.04052802074122773,0.0,0,0.07961686803114702,0.4691468343275146,-0.43628304720766903,0,0
1217,0.24916435094983966,1,,0,-0.3773049075333801,1.0,1,-0.6379873218557089,-0.6216195554839566,-0.43628304720766903,0,0
1221,-1.1818295620305943,6,2.0,1,0.1806444380240379,1.0,0,-0.3799723322334686,0.4691468343275146,-0.43628304720766903,0,0
1222,-1.488471114812116,0,1.0,1,-0.47246482256515826,0.0,1,-0.303374132189366,-0.6216195554839566,-0.43628304720766903,0,0
1223,0.760233605585709,4,0.0,2,-0.3899433337485381,1.0,1,-0.7911837219439142,-0.6216195554839566,0.5070045375195464,3,0
1224,-1.488471114812116,7,1.0,1,-0.47023451205660094,1.0,0,-0.3235315532536035,-0.25803075888013294,-0.43628304720766903,0,0
1229,-1.488471114812116,1,,0,-0.5074063538658893,1.0,0,0.5351745840829152,0.8327356309313383,-0.43628304720766903,0,0
1243,2.804510624129186,5,2.0,0,-0.262815634760772,0.0,0,-0.0897054689084482,-0.6216195554839566,-0.43628304720766903,0,0
1245,0.3513782018770135,0,1.0,1,-0.05548959779991345,1.0,0,-0.8637504377751692,-0.6216195554839566,-0.43628304720766903,0,0
1250,-0.8751880092490727,4,0.0,1,0.22710924028564833,1.0,1,-0.22274444793241588,-0.6216195554839566,-0.43628304720766903,0,0
1260,-0.8751880092490727,7,1.0,1,-0.49885683024975297,0.0,1,-0.5372002165345213,0.8327356309313383,-0.43628304720766903,0,0
1261,-1.1818295620305943,1,2.0,0,-0.4776688804184586,1.0,1,-0.694428100835574,-0.25803075888013294,-0.43628304720766903,0,0
1262,0.1469505000226658,1,2.0,0,-0.5144690038096541,1.0,1,-0.5654206060244539,-0.25803075888013294,2.5659110926452957,3,0
1287,-1.0796157111034204,4,2.0,2,-0.3802786548781232,1.0,0,0.11186874173392707,0.4691468343275146,-0.43628304720766903,0,0
1295,0.005636772385397993,4,1.0,2,-0.41410503092457557,0.0,0,-0.7468373956025915,-0.25803075888013294,-0.43628304720766903,0,0
1302,0.45359205280418735,1,2.0,1,-0.2944117002986671,1.0,0,1.9018477322382195,-0.6216195554839566,-0.43628304720766903,0,1
1312,3.9288629843280987,5,2.0,1,-0.16802743814708673,0.0,0,0.05028386974865333,-0.6216195554839566,0.15327169324684065,1,0
1334,-0.9774018601762466,4,1.0,2,-0.3624361708096648,0.0,0,2.034886711262187,-0.25803075888013294,-0.43628304720766903,0,1
1341,-1.0796157111034204,7,2.0,1,-0.32452089216419067,1.0,0,-0.7549003640282866,-0.6216195554839566,-0.43628304720766903,0,0
1343,0.5558059037313612,9,2.0,1,-0.019711789328026263,1.0,0,-0.6500817744942514,-0.6216195554839566,0.4797943187293383,3,0
1346,0.005636772385397993,0,2.0,1,0.07916530988468072,1.0,0,-0.26709077427373845,-0.6216195554839566,2.5387008738550874,1,0
1347,-1.2840434129577682,6,2.0,2,-0.19888006684879606,1.0,0,-0.5291372481088263,-0.25803075888013294,-0.43628304720766903,0,0
1358,-0.0574772018316819,9,2.0,1,-0.05548959779991345,0.0,0,-0.6097669323657764,-0.6216195554839566,-0.43628304720766903,0,0
1364,0.005636772385397993,4,2.0,2,-0.40518378889034634,1.0,0,-0.7428059113897441,0.10555803772369084,-0.43628304720766903,0,0
1366,-0.5685464564675512,4,2.0,2,-0.588069250592045,1.0,0,-0.5613891218116064,0.10555803772369084,-0.43628304720766903,0,0
1373,1.475730562075926,1,2.0,0,-0.3371593183793487,0.0,0,-0.7831207535182191,0.8327356309313383,-0.43628304720766903,0,0
1382,0.005636772385397993,0,,1,-0.36689679182677937,1.0,0,-0.17436663737824581,-0.6216195554839566,2.484280436274671,1,0
1406,0.24916435094983966,0,1.0,1,0.4601766884298862,0.0,0,-0.686365132409879,-0.6216195554839566,-0.43628304720766903,0,0
1435,2.293441369493317,5,2.0,1,0.10704419124164698,0.0,0,0.19652991020372468,0.10555803772369084,-0.43628304720766903,0,0
1441,0.760233605585709,11,2.0,3,-0.4665173278756721,0.0,0,2.1638942060733073,-0.25803075888013294,-0.43628304720766903,0,1
1447,0.3513782018770135,0,2.0,1,-0.2408842480932919,1.0,0,-0.7145855218998115,2.2870908173466336,-0.43628304720766903,0,0
1451,-1.2840434129577682,7,2.0,1,0.9151600321755755,0.0,0,0.05028386974865333,0.10555803772369084,-0.43628304720766903,0,0
1489,-1.488471114812116,11,1.0,2,1.9087633637378527,0.0,0,-0.4243186585747912,0.4691468343275146,-0.43628304720766903,0,0
1498,0.9646613074400566,1,0.0,0,-0.1669122828928081,0.0,0,-0.8516559851366268,-0.25803075888013294,-0.43628304720766903,0,0
1500,-1.1818295620305943,7,2.0,1,0.16986460389934427,,0,-0.2429018689966534,0.4691468343275146,-0.43628304720766903,0,0
1514,-0.9774018601762466,9,2.0,1,-0.41596362301504,1.0,1,-0.6984595850484215,0.10555803772369084,-0.43628304720766903,0,0
1517,0.005636772385397993,11,2.0,3,-0.47320825940134403,0.0,0,0.05028386974865333,-0.6216195554839566,-0.43628304720766903,0,0
1523,0.005636772385397993,9,1.0,1,0.33156211576974853,1.0,0,-0.8516559851366268,-0.6216195554839566,-0.43628304720766903,0,0
1545,1.475730562075926,0,,1,-0.05548959779991345,1.0,0,-0.3960982690848586,-0.25803075888013294,-0.43628304720766903,0,0
1555,0.005636772385397993,2,2.0,2,-0.3248926105822835,1.0,1,-0.35578342695638354,-0.6216195554839566,-0.43628304720766903,0,0
1560,1.0668751583672305,4,2.0,2,0.01969036298981938,1.0,0,0.36585224714331993,0.8327356309313383,-0.43628304720766903,0,0
1563,1.373516711148752,2,2.0,1,-0.4691193568023223,,0,0.8173784789822405,3.7414460037619284,-0.43628304720766903,0,1
1565,0.3513782018770135,10,0.0,1,-0.20742959046493237,1.0,1,-0.5855780270886913,-0.6216195554839566,-0.43628304720766903,0,0
1585,0.04473664909549196,1,2.0,1,1.6180795607892178,,0,0.7165913736610529,-0.25803075888013294,-0.43628304720766903,0,0
1597,0.005636772385397993,6,1.0,2,-0.15241526458718563,1.0,0,0.05028386974865333,-0.25803075888013294,-0.43628304720766903,0,0
1604,0.760233605585709,4,1.0,2,-0.4219111177045261,1.0,0,0.05028386974865333,0.10555803772369084,-0.43628304720766903,0,0
1605,0.005636772385397993,7,2.0,1,-0.47878403567273725,1.0,1,-0.43641311121333365,-0.25803075888013294,-0.43628304720766903,0,0
1615,0.005636772385397993,4,2.0,2,-0.3230340184918191,1.0,0,-0.4606020164904187,-0.6216195554839566,-0.43628304720766903,0,0
1629,0.04473664909549196,1,2.0,1,-0.47320825940134403,1.0,0,0.1320261627981646,-0.6216195554839566,-0.43628304720766903,0,0
1630,-0.9774018601762466,4,0.0,2,-0.4776688804184586,1.0,0,0.5916153630627802,0.4691468343275146,-0.43628304720766903,0,0
1646,-0.3641187546132035,9,1.0,2,0.36687536548857247,1.0,0,-0.12195734261122824,-0.6216195554839566,-0.43628304720766903,0,0
1665,0.9646613074400566,1,2.0,1,0.35349350243722866,1.0,0,1.4785418898892313,-0.6216195554839566,-0.43628304720766903,0,1
1671,0.005636772385397993,1,2.0,0,-0.24608830594659226,1.0,0,-0.3598149111692311,-0.6216195554839566,-0.43628304720766903,0,0
1721,1.8845859657846213,5,2.0,1,-0.38065037329621604,0.0,0,0.5674264577856952,0.4691468343275146,-0.43628304720766903,0,0
1732,0.6580197546585351,4,2.0,0,-0.40704238098081075,1.0,0,0.6480561420426453,-0.25803075888013294,-0.43628304720766903,0,0
1736,-0.15969105275885576,0,1.0,1,-0.4776688804184586,,0,-0.12598882682407575,-0.6216195554839566,3.7540906464843844,2,0
1753,1.475730562075926,7,2.0,1,-0.4471879701348422,0.0,0,-0.9121282483293393,3.014268410554281,-0.43628304720766903,0,0
1760,0.005636772385397993,9,2.0,1,-0.05548959779991345,1.0,0,1.0955508896687183,-0.6216195554839566,0.4435140270090608,2,1
1762,0.005636772385397993,6,1.0,2,-0.4616849884404646,0.0,0,0.23281326811935224,-0.25803075888013294,0.4435140270090608,3,0
1765,-0.9774018601762466,1,1.0,1,-0.4772971620003657,0.0,0,-0.43641311121333365,-0.25803075888013294,-0.43628304720766903,0,0
1773,-0.4663326055403773,10,2.0,3,1.2188539797574611,0.0,0,0.47067083667735504,-0.6216195554839566,-0.43628304720766903,0,0
1787,-0.2619049036860296,4,2.0,2,-0.05548959779991345,1.0,0,-0.8314985640723892,-0.25803075888013294,-0.43628304720766903,0,0
1792,1.2713028602215781,7,2.0,0,-0.47506685149180844,1.0,0,-0.4404445954261812,-0.6216195554839566,-0.43628304720766903,0,0
1795,0.005636772385397993,0,1.0,1,-0.3728442865162655,0.0,0,-0.9282541851807293,3.3778572071581046,-0.43628304720766903,0,0
1797,-1.0796157111034204,9,1.0,1,-0.43157579657494105,0.0,0,-0.702491069261269,-0.25803075888013294,-0.43628304720766903,0,0
1846,0.9646613074400566,6,2.0,1,-0.4427273491177276,1.0,0,0.05028386974865333,0.4691468343275146,-0.43628304720766903,0,0
1858,0.005636772385397993,1,2.0,1,-0.24683174278277803,1.0,0,-0.43238162700048616,-0.6216195554839566,-0.43628304720766903,0,0
1868,0.04473664909549196,4,2.0,0,-0.7304374047216193,1.0,1,-0.3759408480206211,-0.6216195554839566,2.6838220407361977,1,0
1881,-0.5685464564675512,4,2.0,2,9.691803601766646,1.0,0,-0.7307114587512016,-0.25803075888013294,-0.43628304720766903,0,0
1900,-2.3061819222295066,8,1.0,3,-0.05548959779991345,0.0,0,-0.5210742796831312,0.10555803772369084,-0.43628304720766903,0,0
1908,0.24916435094983966,9,1.0,1,-0.48807699612505934,1.0,1,-0.6137984165786239,0.10555803772369084,-0.43628304720766903,0,0
1924,0.24916435094983966,9,0.0,1,-0.6003359583891101,1.0,0,-0.32756303746645105,-0.6216195554839566,-0.43628304720766903,0,0
1931,0.3513782018770135,1,2.0,1,1.1445102961388844,0.0,1,-0.8355300482852367,-0.25803075888013294,-0.43628304720766903,0,0
1948,-1.488471114812116,9,1.0,2,-0.33567244470697716,1.0,0,-0.03326468992858313,-0.25803075888013294,-0.43628304720766903,0,0
1955,0.45359205280418735,4,0.0,2,-0.5352852352228555,1.0,1,-0.5855780270886913,-0.25803075888013294,-0.43628304720766903,0,0
1962,-1.6928988166664636,10,1.0,2,-0.35054118143069246,0.0,0,0.5029227103801351,-0.6216195554839566,-0.43628304720766903,0,0
1973,1.7823721148574474,1,,3,-0.4263717387216407,0.0,0,-0.4001297532977061,-0.6216195554839566,-0.43628304720766903,0,0
1975,0.8624474565128828,0,0.0,1,-0.06506143633535803,1.0,0,-0.8153726272209991,-0.6216195554839566,-0.43628304720766903,0,0
1989,0.3513782018770135,1,2.0,1,0.6096074925032253,1.0,1,0.9262285527291232,0.10555803772369084,0.6611957773307259,1,1
1991,-0.4663326055403773,2,0.0,2,-0.4535071832424212,0.0,0,3.6757007858911215,-0.25803075888013294,-0.43628304720766903,0,1
1997,0.005636772385397993,1,1.0,1,-0.44941828064339945,1.0,0,-0.06551656363136317,-0.25803075888013294,-0.43628304720766903,0,0
2005,0.9646613074400566,10,2.0,1,-0.482872938271759,1.0,0,0.438418962974575,-0.6216195554839566,2.8742935722676544,1,0
2022,-0.8751880092490727,4,1.0,2,-0.36020586030110746,0.0,0,-0.025201721502888116,-0.25803075888013294,-0.43628304720766903,0,0
2038,-0.8751880092490727,1,1.0,1,1.4314769149065905,1.0,0,-0.5210742796831312,-0.6216195554839566,-0.43628304720766903,0,0
2039,0.1469505000226658,4,2.0,2,0.021548955080283795,,0,-0.8718134062008642,0.4691468343275146,-0.43628304720766903,0,0
2041,3.2133660278378815,5,2.0,0,-0.4207959624502475,0.0,0,-0.6017039639400814,-0.6216195554839566,-0.43628304720766903,0,0
2044,0.24916435094983966,4,2.0,2,-0.2814015556654162,,0,-0.49688537440604624,0.4691468343275146,-0.43628304720766903,0,0
2053,0.005636772385397993,9,1.0,1,-0.49513964606882416,1.0,0,-0.9242227009678818,-0.6216195554839566,-0.43628304720766903,0,0
2055,0.6580197546585351,9,2.0,1,-0.26690453735979375,1.0,0,0.05028386974865333,-0.25803075888013294,3.073835176729181,2,0
2108,0.45359205280418735,1,0.0,0,-0.3100238738585682,1.0,0,-0.5613891218116064,0.4691468343275146,-0.43628304720766903,0,0
2114,-0.8751880092490727,4,2.0,2,0.046825807510599865,1.0,0,0.9181655843034281,-0.6216195554839566,-0.43628304720766903,0,1
2118,0.9646613074400566,1,2.0,0,0.9069822269775321,0.0,1,-0.5372002165345213,3.3778572071581046,-0.43628304720766903,0,0
2120,2.089013667638969,5,0.0,2,-0.05548959779991345,0.0,0,-0.10179992154699072,-0.25803075888013294,-0.43628304720766903,0,0
2151,0.9646613074400566,1,0.0,0,-0.4549940569147927,1.0,0,0.38197818399470995,-0.6216195554839566,2.148687737862104,1,0
2163,0.9646613074400566,9,2.0,1,-0.4226545545407119,1.0,0,-0.10179992154699072,-0.25803075888013294,-0.43628304720766903,0,0
2172,-1.0796157111034204,1,1.0,0,-0.6620412157925287,1.0,0,0.32956888922769234,-0.25803075888013294,-0.43628304720766903,0,0
2174,0.005636772385397993,7,2.0,1,-0.17360321441847998,1.0,0,-0.6057354481529289,4.105034800365752,-0.43628304720766903,0,0
2199,0.005636772385397993,0,0.0,1,-0.42302627295880474,,1,-0.21468147950672087,-0.6216195554839566,-0.43628304720766903,0,0
2210,0.005636772385397993,2,2.0,2,1.1363324909408412,0.0,0,-0.6742706797713365,0.4691468343275146,-0.43628304720766903,0,0
2219,0.24916435094983966,9,2.0,1,0.5538497297892928,1.0,0,1.809123595342727,-0.6216195554839566,-0.43628304720766903,0,1
2241,-0.0574772018316819,1,2.0,0,-0.33344213419841984,1.0,0,-0.6662077113456415,1.196324427535162,-0.43628304720766903,0,0
2245,0.3513782018770135,9,2.0,1,-0.4352929807558699,1.0,0,-0.5815465428758438,-0.6216195554839566,-0.43628304720766903,0,0
2257,1.373516711148752,1,2.0,1,-0.33567244470697716,0.0,0,0.1400891312238596,-0.6216195554839566,-0.43628304720766903,0,0
2273,0.24916435094983966,1,2.0,0,-0.4821295014355732,1.0,0,-0.9645375430963569,-0.6216195554839566,-0.43628304720766903,0,0
2296,-0.9774018601762466,1,2.0,1,-0.40555550730843926,1.0,0,1.8413754690455069,-0.25803075888013294,-0.43628304720766903,0,1
2307,0.5558059037313612,4,0.0,2,0.45683122266705023,0.0,0,-0.8556874693494743,0.10555803772369084,-0.43628304720766903,0,0
2321,-1.488471114812116,7,,1,-0.4579678042595358,1.0,0,1.172149089712821,-0.25803075888013294,-0.43628304720766903,0,1
2354,0.005636772385397993,4,1.0,1,-0.05548959779991345,0.0,0,-0.4847909217675037,0.4691468343275146,-0.43628304720766903,0,0
2359,-0.5685464564675512,7,1.0,1,-0.3230340184918191,1.0,0,-0.9564745746706619,2.6506796139504574,1.450292122246762,1,0
2361,-0.4663326055403773,7,0.0,1,-0.2802864004111375,1.0,0,-0.21468147950672087,-0.6216195554839566,-0.43628304720766903,0,0
2369,0.3513782018770135,2,2.0,1,-0.4527637464062354,1.0,0,0.007050152199891927,-0.6216195554839566,-0.43628304720766903,0,0
2373,-1.386257263884942,1,2.0,1,-0.47506685149180844,1.0,0,-0.22677593214526337,-0.6216195554839566,-0.43628304720766903,0,0
2378,-0.2619049036860296,1,2.0,1,0.05686220479910772,1.0,0,-0.7226484903255066,1.196324427535162,-0.43628304720766903,0,0
2385,0.5558059037313612,7,2.0,1,0.7608968886670289,1.0,1,-0.5573576375987588,-0.25803075888013294,-0.43628304720766903,0,0
2386,-0.8751880092490727,9,2.0,2,5.838198761397723,1.0,0,-0.7831207535182191,-0.6216195554839566,-0.43628304720766903,0,0
2390,0.005636772385397993,5,1.0,1,-0.34199165781455615,0.0,1,-0.07357953205705818,-0.25803075888013294,-0.43628304720766903,0,0
2403,0.04473664909549196,9,2.0,1,-0.42302627295880474,1.0,0,-0.9242227009678818,-0.25803075888013294,-0.43628304720766903,0,0
2409,-0.9774018601762466,0,1.0,1,0.13492307259861322,0.0,0,-0.19452405844248333,-0.25803075888013294,-0.43628304720766903,0,0
2441,-0.5685464564675512,0,2.0,1,-0.12230607272166208,1.0,0,-0.18646109001678832,-0.6216195554839566,-0.43628304720766903,0,0
2444,0.005636772385397993,4,2.0,1,-0.20891646413730391,1.0,0,0.1400891312238596,-0.25803075888013294,3.336867291701193,1,0
2457,0.8624474565128828,10,0.0,1,-0.4661456094575792,0.0,0,0.11993171015962208,-0.25803075888013294,-0.43628304720766903,0,0
2458,0.5558059037313612,0,2.0,1,-0.4665173278756721,1.0,1,-0.5009168586188938,1.196324427535162,-0.43628304720766903,0,0
2471,-1.9995403694479852,8,1.0,1,0.4467948253785424,0.0,0,0.7931895737051555,-0.25803075888013294,-0.08255020293496322,3,1
2487,-1.0796157111034204,11,0.0,2,-0.42711517555782647,0.0,0,0.5351745840829152,2.2870908173466336,-0.43628304720766903,0,0
2489,1.373516711148752,5,2.0,0,-0.8371205907142769,0.0,1,0.05028386974865333,-0.6216195554839566,-0.43628304720766903,0,0
2495,-0.3641187546132035,6,1.0,2,-0.1371748094453774,1.0,0,0.03123905747697696,-0.6216195554839566,-0.43628304720766903,0,0
2509,-0.0574772018316819,1,2.0,0,-0.05548959779991345,1.0,0,-0.08164250048275319,0.10555803772369084,-0.43628304720766903,0,0
2518,-1.1818295620305943,9,1.0,1,-0.4129898756702969,0.0,0,-0.34368897431784107,0.4691468343275146,-0.43628304720766903,0,0
2527,-0.5685464564675512,7,1.0,1,-0.3300966684355839,1.0,1,-0.7065225534741165,-0.25803075888013294,-0.43628304720766903,0,0
2529,0.6580197546585351,4,1.0,2,-0.17471836967275864,0.0,0,-0.5130113112574363,-0.6216195554839566,0.5795651209601015,1,0
2530,-0.8751880092490727,4,1.0,2,-0.05548959779991345,0.0,0,-0.8032781745824566,0.4691468343275146,-0.43628304720766903,0,0
2538,0.24916435094983966,4,2.0,1,-1.1270609568267258,1.0,0,-0.13808327946261825,-0.6216195554839566,-0.43628304720766903,0,0
2560,0.24916435094983966,1,2.0,1,-0.4144767493426684,1.0,0,-0.4404445954261812,0.10555803772369084,2.810803061757169,1,0
2582,-0.9774018601762466,1,2.0,1,-0.4746951330737155,1.0,0,0.32956888922769234,-0.25803075888013294,-0.43628304720766903,0,0
2598,-0.5685464564675512,1,1.0,0,-0.3416199393964633,,0,-0.14211476367546577,-0.6216195554839566,1.5772731432677332,1,0
2600,0.3513782018770135,4,0.0,2,-0.12156263588547632,0.0,0,-0.718617006112659,-0.6216195554839566,-0.43628304720766903,0,0
2603,-1.5906849657392896,4,1.0,2,-0.48101434618129457,0.0,0,0.6037098157013228,-0.25803075888013294,-0.43628304720766903,0,0
2604,1.5779444130030997,4,2.0,3,-0.05548959779991345,0.0,0,1.3414714266524161,-0.6216195554839566,-0.43628304720766903,0,1
2617,-0.0574772018316819,7,2.0,1,-0.4144767493426684,0.0,0,-0.7307114587512016,2.2870908173466336,-0.43628304720766903,0,0
2625,0.04473664909549196,1,2.0,0,0.30665698175752537,1.0,0,-0.670239195558489,-0.25803075888013294,-0.43628304720766903,0,0
2628,-1.0796157111034204,1,0.0,1,-0.6460573238145348,1.0,0,-0.2832167111251285,0.8327356309313383,-0.43628304720766903,0,0
2643,1.475730562075926,5,0.0,1,-0.3992362942008602,0.0,1,-0.9080967641164918,-0.6216195554839566,-0.43628304720766903,0,0
2660,-0.9774018601762466,10,2.0,1,-0.4776688804184586,1.0,0,1.0028267527732257,0.4691468343275146,-0.43628304720766903,0,1
2670,0.45359205280418735,0,2.0,1,-0.05548959779991345,1.0,1,-0.053422110992820654,-0.25803075888013294,1.9219359146103696,1,0
2672,-0.2619049036860296,7,2.0,1,-0.4981133934135672,0.0,0,-0.9000337956907968,-0.6216195554839566,-0.43628304720766903,0,0
2696,1.373516711148752,4,0.0,2,3.1484442880776187,1.0,0,-0.6017039639400814,-0.25803075888013294,0.43444395407899145,3,0
2698,0.005636772385397993,4,,2,-0.21895286142581177,0.0,0,-0.34772045853068856,-0.6216195554839566,-0.43628304720766903,0,0
2723,0.005636772385397993,9,1.0,2,3.183757537796443,1.0,0,0.05028386974865333,0.8327356309313383,-0.43628304720766903,0,0
2726,-1.0796157111034204,4,2.0,1,0.030470197114512997,1.0,0,-0.49688537440604624,0.4691468343275146,-0.43628304720766903,0,0
2735,0.5558059037313612,2,2.0,2,-0.307421844931918,1.0,0,-0.2549963216351959,0.4691468343275146,-0.43628304720766903,0,0
2743,0.005636772385397993,9,2.0,1,-0.41596362301504,0.0,1,-0.295311163763671,1.196324427535162,-0.43628304720766903,0,0
2745,0.005636772385397993,4,2.0,2,0.13789681994335629,1.0,0,1.2648732266083136,-0.25803075888013294,2.8017329888270996,1,1
2753,0.005636772385397993,4,2.0,2,-0.428602049230198,1.0,0,0.05028386974865333,-0.6216195554839566,-0.43628304720766903,0,0
2761,0.005636772385397993,1,0.0,1,-0.05548959779991345,1.0,0,0.9060711316648856,-0.6216195554839566,-0.43628304720766903,0,1
2765,0.005636772385397993,5,2.0,1,-0.21969629826199752,1.0,1,0.6359616894041028,0.8327356309313383,-0.43628304720766903,0,0
2768,1.2713028602215781,7,2.0,1,-0.4453293780443778,1.0,0,-0.25096483742234843,-0.6216195554839566,-0.43628304720766903,0,0
2785,-0.0574772018316819,9,2.0,1,-0.44384250437200623,0.0,0,-0.8758448904137117,1.196324427535162,-0.43628304720766903,0,0
2794,0.24916435094983966,1,2.0,1,-0.40704238098081075,1.0,0,-0.8516559851366268,-0.6216195554839566,-0.43628304720766903,0,0
2798,-0.5685464564675512,1,2.0,1,-0.4256283018854549,1.0,0,-0.5896095113015388,0.10555803772369084,-0.43628304720766903,0,0
2799,0.1469505000226658,4,2.0,2,0.59473875577951,0.0,0,-0.0897054689084482,-0.6216195554839566,-0.43628304720766903,0,0
2811,0.24916435094983966,1,2.0,0,-0.4282303308121051,1.0,0,0.5069541945929826,-0.6216195554839566,-0.43628304720766903,0,0
2820,0.005636772385397993,4,2.0,2,-0.06320284424489361,1.0,0,-0.8032781745824566,0.8327356309313383,-0.43628304720766903,0,0
2835,-0.4663326055403773,4,2.0,2,-0.2962702923891315,1.0,0,-0.19049257422963584,0.8327356309313383,-0.43628304720766903,0,0
2837,0.1469505000226658,1,2.0,1,-0.218209424589626,1.0,1,4.054660301898787,-0.25803075888013294,0.6793359231908647,3,1
2841,-0.9774018601762466,9,1.0,2,-0.2025972510297249,1.0,0,-0.05745359520566816,-0.6216195554839566,-0.43628304720766903,0,0
2844,0.45359205280418735,0,2.0,1,-0.4735799778194369,1.0,0,-0.9363171536064243,3.014268410554281,-0.43628304720766903,0,0
2853,-0.8751880092490727,9,2.0,1,-0.1304838779197055,1.0,0,0.6238672367655602,-0.25803075888013294,-0.43628304720766903,0,0
2866,-0.5685464564675512,0,2.0,1,-0.05548959779991345,1.0,1,-0.6097669323657764,-0.25803075888013294,-0.43628304720766903,0,0
2869,0.760233605585709,7,2.0,1,-0.46763248312995076,1.0,0,-0.3638463953820786,0.10555803772369084,-0.43628304720766903,0,0
2896,3.9288629843280987,5,2.0,0,0.097379512371232,0.0,0,0.31747443658914987,-0.25803075888013294,-0.43628304720766903,0,0
2916,-0.9774018601762466,0,1.0,1,-0.025287565599419512,1.0,0,-0.41625569014909614,-0.25803075888013294,-0.43628304720766903,0,0
2926,-0.8751880092490727,1,2.0,2,0.06652688366952268,0.0,0,-0.6218613850043189,0.4691468343275146,-0.43628304720766903,0,0
2946,0.3513782018770135,0,2.0,1,-0.6222673450565902,1.0,0,-0.311437100615061,-0.25803075888013294,-0.43628304720766903,0,0
2947,-0.15969105275885576,6,2.0,2,-0.4174504966874115,0.0,0,0.10783725752107956,-0.6216195554839566,-0.43628304720766903,0,0
2954,0.9646613074400566,7,2.0,1,-0.05548959779991345,0.0,1,1.260841742395466,0.10555803772369084,-0.43628304720766903,0,1
2965,0.005636772385397993,1,2.0,0,0.8553133668626213,1.0,0,-0.4202871743619436,0.4691468343275146,-0.43628304720766903,0,0
2975,0.6580197546585351,9,1.0,2,-0.6828574472057303,1.0,0,-0.3396574901049935,-0.25803075888013294,-0.43628304720766903,0,0
2983,0.005636772385397993,5,2.0,1,-0.002984460513846509,1.0,0,-0.3154685848279085,0.10555803772369084,-0.43628304720766903,0,0
2989,0.04473664909549196,2,2.0,2,1.0999040859677385,,0,-0.19049257422963584,-0.25803075888013294,-0.43628304720766903,0,0
3012,-0.5685464564675512,7,2.0,1,-0.4821295014355732,1.0,0,-0.3235315532536035,9.195277952819284,-0.43628304720766903,0,0
3013,0.760233605585709,9,2.0,2,-0.28363186617397346,1.0,0,-0.4041612375105536,-0.25803075888013294,-0.43628304720766903,0,0
3027,-0.15969105275885576,4,2.0,2,-0.05548959779991345,0.0,0,-0.4243186585747912,-0.6216195554839566,0.4435140270090608,2,0
3035,1.373516711148752,10,2.0,2,-0.2962702923891315,1.0,0,-0.11792585839838074,-0.25803075888013294,1.259820590715305,3,0
3038,0.760233605585709,7,2.0,1,-0.39589082843802426,1.0,0,-0.07761101626990569,0.10555803772369084,-0.43628304720766903,0,0
3043,-0.15969105275885576,1,,0,0.04125003123920661,1.0,0,-0.7831207535182191,-0.25803075888013294,2.602191384365573,1,0
3045,0.005636772385397993,9,2.0,2,0.7029088154445391,0.0,0,-0.6460502902814039,-0.25803075888013294,-0.43628304720766903,0,0
3056,-1.8973265185208112,7,1.0,1,-0.47618200674608707,1.0,0,-0.5694520902373014,0.10555803772369084,-0.43628304720766903,0,0
3064,0.1469505000226658,4,1.0,2,0.15239383824897876,1.0,0,0.019144604838434442,-0.6216195554839566,3.8720015945752864,1,0
3092,0.45359205280418735,4,2.0,2,-0.28363186617397346,1.0,0,-0.5936409955143864,0.4691468343275146,2.8924337181277933,1,0
3109,0.005636772385397993,4,1.0,2,-0.05548959779991345,0.0,1,0.47470232089020253,0.4691468343275146,-0.43628304720766903,0,0
3137,0.04473664909549196,1,2.0,1,-0.3412482209783704,1.0,1,0.7125598894482054,-0.25803075888013294,-0.43628304720766903,0,0
3146,-0.9774018601762466,3,2.0,2,-0.3453371235773921,1.0,0,-0.311437100615061,-0.25803075888013294,-0.43628304720766903,0,0
3150,0.005636772385397993,9,2.0,1,2.92169605304096,0.0,0,-0.4686649849161137,0.4691468343275146,-0.43628304720766903,0,0
3156,-1.8973265185208112,0,1.0,1,-0.25909845057984315,1.0,0,-0.7669948166668291,-0.6216195554839566,-0.43628304720766903,0,0
3161,0.005636772385397993,9,2.0,1,-0.27136515837690833,1.0,0,0.837535900046478,-0.25803075888013294,-0.43628304720766903,0,1
3171,-1.386257263884942,1,1.0,0,-0.0323502155431843,1.0,0,3.058883701325453,6.286567579988694,-0.43628304720766903,0,1
3175,-0.3641187546132035,0,0.0,1,-0.4200525256140617,1.0,0,1.1761805739256685,0.10555803772369084,-0.43628304720766903,0,1
3193,0.005636772385397993,5,0.0,0,-0.4460728148805635,0.0,0,-0.2429018689966534,-0.6216195554839566,-0.43628304720766903,0,0
3200,0.005636772385397993,8,1.0,3,0.747886744033778,1.0,0,-0.10179992154699072,-0.6216195554839566,-0.43628304720766903,0,0
3215,-0.15969105275885576,9,2.0,1,-0.44124047544535605,1.0,0,-0.0010128162258030832,0.10555803772369084,-0.43628304720766903,0,0
3234,-0.2619049036860296,4,1.0,2,0.9333742346621268,0.0,0,-0.629924353430014,-0.25803075888013294,-0.43628304720766903,0,0
3256,-0.5685464564675512,4,2.0,2,-0.29403998188057423,0.0,0,-0.1582407005268558,0.10555803772369084,1.2235402989950275,2,0
3272,0.24916435094983966,7,1.0,1,-0.27545406097593006,1.0,0,-0.9363171536064243,1.196324427535162,1.1600497884845418,3,0
3283,0.3513782018770135,1,2.0,0,0.31297619486510436,1.0,0,-0.41625569014909614,0.4691468343275146,-0.43628304720766903,0,0
3313,-0.5685464564675512,7,2.0,0,-0.4115030019979254,0.0,0,0.6399931736169503,-0.6216195554839566,-0.43628304720766903,0,0
3334,0.45359205280418735,10,0.0,0,-0.46949107522041517,0.0,0,0.3698837313561674,-0.6216195554839566,-0.43628304720766903,0,0
3359,-1.6928988166664636,10,1.0,1,-0.46540217262139344,,1,0.2570021733964373,-0.6216195554839566,-0.43628304720766903,0,0
3367,-1.488471114812116,0,2.0,1,-0.1446091778072351,0.0,0,0.5835523946370852,-0.6216195554839566,-0.43628304720766903,0,0
3406,0.005636772385397993,0,1.0,1,-0.13382934368254146,1.0,1,-0.2469333532095009,-0.6216195554839566,-0.43628304720766903,0,0
3446,-0.3641187546132035,7,2.0,1,2.8213320801558814,0.0,0,0.11186874173392707,-0.6216195554839566,0.2530424954776038,1,0
3455,-0.8751880092490727,9,0.0,1,-0.49105074346980243,0.0,1,-0.5775150586629964,-0.6216195554839566,-0.43628304720766903,0,0
3457,-1.1818295620305943,4,1.0,2,1.8132317302879817,1.0,0,-0.4041612375105536,3.014268410554281,-0.43628304720766903,0,0
3482,1.7823721148574474,5,2.0,1,-0.26393079001505065,1.0,0,0.8818822263878006,-0.25803075888013294,-0.43628304720766903,0,1
3506,1.2713028602215781,4,2.0,2,-0.47692544358227285,0.0,1,0.7690006684280705,-0.6216195554839566,-0.43628304720766903,0,1
3534,0.5558059037313612,0,1.0,1,0.09589263869886047,1.0,0,-0.5976724797272339,-0.6216195554839566,2.402649779904047,1,0
3542,-0.5685464564675512,7,2.0,1,0.17097975915362293,1.0,0,-0.6178299007914714,-0.6216195554839566,-0.43628304720766903,0,0
3549,0.5558059037313612,1,2.0,0,-0.36949882075342955,0.0,1,-0.1703351531653983,0.10555803772369084,-0.43628304720766903,0,0
3553,2.7022967732020122,5,2.0,1,6.702444083463678,1.0,0,-0.013107268864345599,-0.6216195554839566,-0.43628304720766903,0,0
3554,0.1469505000226658,9,2.0,1,-0.47618200674608707,0.0,0,-0.7629633324539816,-0.6216195554839566,-0.43628304720766903,0,0
3556,0.760233605585709,9,2.0,2,0.9069822269775321,0.0,0,2.5106018483781924,-0.25803075888013294,-0.43628304720766903,0,1
3577,-0.9774018601762466,4,2.0,2,-0.05548959779991345,0.0,0,-0.5976724797272339,2.2870908173466336,-0.43628304720766903,0,0
3595,-1.1818295620305943,1,1.0,1,-0.31188246594903263,0.0,0,-0.6017039639400814,1.196324427535162,-0.43628304720766903,0,0
3598,0.1469505000226658,0,2.0,1,0.7170341153320686,1.0,0,-0.09776843733414321,0.10555803772369084,-0.43628304720766903,0,0
3604,-0.5685464564675512,9,2.0,2,-0.05548959779991345,0.0,0,-0.4243186585747912,-0.25803075888013294,-0.43628304720766903,0,0
3609,1.373516711148752,4,2.0,2,-0.05548959779991345,1.0,0,-0.3759408480206211,-0.25803075888013294,-0.43628304720766903,0,0
3626,0.005636772385397993,9,2.0,1,-0.4356646991739628,1.0,1,-0.4001297532977061,-0.6216195554839566,2.3754395611138386,3,0
3630,0.24916435094983966,9,0.0,3,-0.195906319504053,1.0,0,0.5835523946370852,-0.6216195554839566,-0.43628304720766903,0,0
3652,-1.2840434129577682,0,1.0,1,-0.4717213857289725,1.0,0,-0.8960023114779493,-0.6216195554839566,2.810803061757169,3,0
3656,-0.8751880092490727,8,1.0,3,1.7407466387598693,0.0,0,-0.3880353006591636,-0.25803075888013294,0.7246862878412116,1,0
3664,0.005636772385397993,9,2.0,1,-0.3475674340859494,1.0,0,0.8657562895364106,-0.6216195554839566,-0.43628304720766903,0,1
3673,-0.5685464564675512,2,2.0,2,-0.3453371235773921,0.0,0,10.146232947511368,0.4691468343275146,-0.43628304720766903,0,1
3682,0.1469505000226658,4,0.0,2,-0.29329654504438846,0.0,0,-0.750868879815439,-0.6216195554839566,2.8652234993375854,1,0
3696,-1.0796157111034204,7,1.0,1,-0.4665173278756721,1.0,1,1.0028267527732257,-0.25803075888013294,-0.43628304720766903,0,1
3709,0.24916435094983966,2,2.0,1,1.9935151630630301,1.0,0,0.41019857348464245,-0.25803075888013294,-0.43628304720766903,0,0
3722,-1.2840434129577682,6,2.0,1,-0.5062911986116106,1.0,0,0.2126558470551147,-0.25803075888013294,-0.43628304720766903,0,0
3725,0.760233605585709,10,2.0,0,-0.6207804713842188,1.0,0,-0.9161597325421869,-0.6216195554839566,-0.43628304720766903,0,0
3726,0.3513782018770135,9,2.0,3,-0.30221778707861763,1.0,0,-0.4243186585747912,-0.6216195554839566,-0.43628304720766903,0,0
3729,0.04473664909549196,2,2.0,0,-0.4226545545407119,0.0,0,-0.6379873218557089,-0.25803075888013294,-0.43628304720766903,0,0
3731,1.0668751583672305,5,2.0,1,-0.32043198956516894,0.0,0,-0.4404445954261812,-0.6216195554839566,0.9695782569530849,1,0
3732,0.005636772385397993,1,1.0,1,-0.44867484380721373,0.0,1,-0.5976724797272339,-0.6216195554839566,-0.43628304720766903,0,0
3744,-1.5906849657392896,0,1.0,1,-0.3587189866287359,1.0,0,-0.04132765835427814,1.559913224138986,-0.43628304720766903,0,0
3750,3.8266491334009247,5,0.0,3,0.49883540391154607,0.0,0,-0.13002031103692324,1.559913224138986,3.6543198442536213,1,0
3751,-0.2619049036860296,9,2.0,1,-0.434921262337777,0.0,0,-0.6984595850484215,-0.25803075888013294,0.42537388114892205,2,0
3756,0.04473664909549196,7,2.0,1,-0.4423556306996347,1.0,0,-0.05745359520566816,0.10555803772369084,2.6566118219459893,1,0
3758,-1.0796157111034204,1,2.0,1,-0.30258950549671054,1.0,0,2.6396093431893126,-0.25803075888013294,-0.43628304720766903,0,1
3774,0.005636772385397993,1,2.0,1,0.004449907848011159,,0,0.05028386974865333,-0.6216195554839566,-0.43628304720766903,0,0
3795,-0.2619049036860296,7,2.0,1,1.652277655253763,1.0,0,-0.311437100615061,-0.25803075888013294,-0.43628304720766903,0,0
3797,-1.1818295620305943,9,1.0,2,0.3862047232294024,,0,0.07155389960545201,0.10555803772369084,1.7586746018691208,3,0
3799,-1.0796157111034204,1,2.0,1,0.1404988488700065,1.0,0,-0.3799723322334686,-0.6216195554839566,1.2235402989950275,2,0
3829,-0.0574772018316819,0,0.0,1,-0.613717821440454,1.0,0,-0.10583140575983822,2.6506796139504574,-0.43628304720766903,0,0
3845,-1.0796157111034204,1,2.0,1,0.07767843621230919,1.0,1,-0.3759408480206211,0.10555803772369084,-0.43628304720766903,0,0
3846,0.760233605585709,0,2.0,1,-0.33641588154316293,0.0,0,1.0149212054117682,-0.25803075888013294,-0.43628304720766903,0,1
3848,-1.5906849657392896,4,1.0,2,-0.004471334186218042,1.0,0,-0.25096483742234843,-0.6216195554839566,0.33467315184822827,1,0
3871,-1.1818295620305943,10,2.0,1,-0.42525658346736206,1.0,0,0.3940726366332524,0.4691468343275146,-0.43628304720766903,0,0
3875,-1.488471114812116,3,2.0,1,1.3240502920777473,1.0,1,-0.686365132409879,0.10555803772369084,-0.43628304720766903,0,0
3881,0.24916435094983966,9,1.0,1,0.14607462514139974,0.0,0,1.8776588269611345,-0.6216195554839566,-0.43628304720766903,0,1
3882,-0.3641187546132035,4,2.0,2,-0.032721933961277185,1.0,0,-0.7629633324539816,-0.6216195554839566,-0.43628304720766903,0,0
3895,-1.0796157111034204,9,2.0,1,-0.33827447363362734,1.0,0,-0.49688537440604624,-0.6216195554839566,-0.43628304720766903,0,0
3902,1.373516711148752,1,2.0,1,-0.4367798544282414,1.0,0,-0.5654206060244539,-0.25803075888013294,-0.43628304720766903,0,0
3905,0.005636772385397993,1,2.0,1,-0.05548959779991345,0.0,0,-0.6379873218557089,-0.6216195554839566,-0.43628304720766903,0,0
3910,0.760233605585709,0,2.0,1,0.05872079688957214,1.0,0,-0.7750577850925241,-0.6216195554839566,-0.43628304720766903,0,0
3916,-0.3641187546132035,2,2.0,2,-0.05548959779991345,1.0,0,-0.27112225848658594,0.10555803772369084,-0.43628304720766903,0,0
3924,0.24916435094983966,7,2.0,1,0.2613073347501936,1.0,1,-0.5896095113015388,-0.25803075888013294,-0.43628304720766903,0,0
3932,-1.6928988166664636,4,2.0,2,-0.5679964560150292,1.0,1,1.4019436898451287,0.4691468343275146,2.5840512385054346,3,1
3938,-0.9774018601762466,7,2.0,1,-0.4178222151055044,1.0,0,0.18040397335233466,-0.25803075888013294,-0.43628304720766903,0,0
3941,1.6801582639302737,1,2.0,0,-0.05548959779991345,1.0,0,1.139897216010041,-0.25803075888013294,-0.43628304720766903,0,1
3946,-1.386257263884942,0,2.0,1,-0.1308555963377984,1.0,0,-0.8032781745824566,-0.25803075888013294,-0.43628304720766903,0,0
3947,0.6580197546585351,1,2.0,1,-0.4851032487803163,0.0,1,0.07155389960545201,-0.6216195554839566,-0.43628304720766903,0,0
3959,1.2713028602215781,5,0.0,0,-0.4698627936385081,0.0,0,-0.9242227009678818,0.4691468343275146,-0.43628304720766903,0,0
3965,1.6801582639302737,5,2.0,0,-0.2579832953255645,0.0,0,-0.21468147950672087,1.196324427535162,-0.43628304720766903,0,0
3976,0.6580197546585351,4,2.0,2,-0.482872938271759,1.0,0,-0.9363171536064243,1.196324427535162,2.21217824837259,3,0
3983,-0.15969105275885576,9,0.0,2,0.21744456141523336,1.0,0,-0.7589318482411341,-0.6216195554839566,-0.43628304720766903,0,0
3991,-1.0796157111034204,0,1.0,1,1.576447097962815,1.0,0,-0.4847909217675037,-0.6216195554839566,-0.43628304720766903,0,0
4001,-0.5685464564675512,9,2.0,1,-0.40704238098081075,0.0,0,-0.7387744271768966,-0.6216195554839566,-0.43628304720766903,0,0
4005,1.373516711148752,1,2.0,0,-0.4089009730712752,1.0,0,-0.42835014278763867,-0.6216195554839566,2.0398468627012716,1,0
4006,1.373516711148752,1,2.0,1,-0.3029612239148034,1.0,0,-0.7831207535182191,-0.25803075888013294,-0.43628304720766903,0,0
4009,-0.3641187546132035,3,0.0,1,-0.4754385699099013,0.0,0,0.011081636412739434,0.10555803772369084,0.9151578193726685,2,0
4011,-0.0574772018316819,9,2.0,1,-0.4178222151055044,1.0,0,-0.4444760796390287,-0.6216195554839566,-0.43628304720766903,0,0
4013,-0.2619049036860296,9,2.0,3,-0.16616884605662233,0.0,0,2.3090276377358174,-0.25803075888013294,-0.43628304720766903,0,1
4036,-0.15969105275885576,9,2.0,1,1.1727608959139437,1.0,0,-0.4001297532977061,-0.25803075888013294,1.232610371925097,1,0
4037,0.04473664909549196,4,0.0,2,-0.05548959779991345,0.0,0,-0.48882240598035126,-0.25803075888013294,-0.43628304720766903,0,0
4051,2.804510624129186,5,2.0,0,-0.37433116018863705,0.0,0,-0.9121282483293393,-0.6216195554839566,-0.43628304720766903,0,0
4055,-1.2840434129577682,4,1.0,2,0.14384431463284245,0.0,0,-0.21064999529387335,-0.25803075888013294,1.0149286216034317,3,0
4057,-1.386257263884942,1,2.0,1,-0.4776688804184586,1.0,1,-0.4847909217675037,-0.25803075888013294,-0.43628304720766903,0,0
4067,0.005636772385397993,9,2.0,1,-0.46837591996613653,0.0,0,0.05028386974865333,1.196324427535162,-0.43628304720766903,0,0
4085,0.005636772385397993,4,2.0,2,-0.05548959779991345,1.0,0,0.17234100492663965,0.10555803772369084,-0.43628304720766903,0,0
4088,0.04473664909549196,1,2.0,0,-0.46837591996613653,1.0,0,-0.311437100615061,-0.25803075888013294,-0.43628304720766903,0,0
4105,-0.2619049036860296,2,2.0,1,-0.05548959779991345,0.0,0,-0.5815465428758438,1.559913224138986,-0.43628304720766903,0,0
4137,1.7823721148574474,11,2.0,3,-0.33158354210795543,0.0,0,-0.8234355956466942,-0.25803075888013294,-0.43628304720766903,0,0
4141,-0.4663326055403773,4,2.0,2,-0.05548959779991345,0.0,0,-0.49688537440604624,0.4691468343275146,0.543284829239824,1,0
4151,-0.9774018601762466,7,1.0,1,0.44307764119761356,0.0,1,0.5754894262113902,-0.6216195554839566,-0.43628304720766903,0,0
4162,1.475730562075926,9,0.0,2,-0.46280014369474326,1.0,0,-0.9121282483293393,-0.6216195554839566,-0.43628304720766903,0,0
4165,1.7823721148574474,4,2.0,2,0.22116174559616217,0.0,0,0.05028386974865333,-0.25803075888013294,-0.43628304720766903,0,0
4205,0.24916435094983966,7,0.0,1,-0.05548959779991345,1.0,1,-0.6258928692171665,-0.6216195554839566,-0.43628304720766903,0,0
4213,-1.1818295620305943,9,1.0,1,-0.6720776130810366,1.0,1,1.6841475847444543,-0.25803075888013294,2.166827883722243,1,1
4217,-0.3641187546132035,10,2.0,2,0.5672315928406366,1.0,0,2.329185058800055,-0.6216195554839566,-0.43628304720766903,0,1
4220,-0.8751880092490727,1,1.0,1,-0.632675460763191,,0,2.075201553390662,-0.25803075888013294,-0.43628304720766903,0,1
4240,0.3513782018770135,0,2.0,1,-0.6813705735333587,1.0,0,-0.15420921631400827,-0.25803075888013294,-0.43628304720766903,0,0
4250,-0.9774018601762466,4,1.0,2,-0.4772971620003657,,0,-0.6137984165786239,-0.25803075888013294,-0.43628304720766903,0,0
4261,1.6801582639302737,5,2.0,1,0.7791110911535801,0.0,1,0.16830952071379215,-0.25803075888013294,2.3754395611138386,1,0
4263,-1.6928988166664636,8,2.0,2,-0.4776688804184586,1.0,0,2.4380351325469376,0.4691468343275146,-0.43628304720766903,0,1
4270,-0.4663326055403773,4,0.0,2,-0.14498089622532798,0.0,1,0.36585224714331993,-0.25803075888013294,-0.43628304720766903,0,0
4275,0.005636772385397993,4,2.0,2,-0.47246482256515826,0.0,0,2.696050122169178,-0.25803075888013294,-0.43628304720766903,0,1
4282,0.005636772385397993,0,0.0,1,-0.5713419217778652,0.0,0,1.5672345425718766,-0.6216195554839566,-0.43628304720766903,0,1
4283,0.45359205280418735,7,0.0,1,-0.47618200674608707,1.0,1,0.2126558470551147,-0.25803075888013294,-0.43628304720766903,0,0
4298,-1.5906849657392896,0,1.0,1,0.833753698613234,0.0,1,-0.7871522377310667,-0.25803075888013294,-0.43628304720766903,0,0
4310,-0.5685464564675512,4,,2,0.21038191147146856,,0,0.4424504471874225,-0.6216195554839566,-0.43628304720766903,0,0
4312,-1.1818295620305943,7,1.0,1,-0.4772971620003657,1.0,0,0.6117727841270177,1.196324427535162,2.6566118219459893,1,0
4342,0.8624474565128828,1,2.0,3,0.3709642680875942,1.0,0,3.3693079857147112,5.195801190177224,-0.43628304720766903,0,1
4352,0.5558059037313612,1,2.0,0,0.5040394617648465,0.0,0,0.23281326811935224,-0.25803075888013294,-0.43628304720766903,0,0
4368,1.2713028602215781,7,0.0,1,-0.43640813601014855,1.0,0,-0.8839078588394068,0.10555803772369084,1.1600497884845418,3,0
4374,0.3513782018770135,7,0.0,0,0.9545621844934211,1.0,0,-0.9766319957348993,0.10555803772369084,-0.43628304720766903,0,0
4384,1.0668751583672305,4,1.0,2,-0.47655372516418,0.0,1,-0.8960023114779493,2.2870908173466336,-0.43628304720766903,0,0
4407,0.3513782018770135,0,0.0,1,-0.45610921216907135,1.0,0,2.5025388799524975,1.9235020207428097,-0.43628304720766903,0,1
4426,-0.0574772018316819,0,,2,0.0929188913541174,0.0,0,-0.7992466903696092,-0.25803075888013294,-0.43628304720766903,0,0
4441,-0.3641187546132035,4,2.0,2,4.308577470945508,0.0,0,-0.5412317007473688,0.10555803772369084,-0.43628304720766903,0,0
4442,-0.2619049036860296,1,2.0,0,-0.4200525256140617,1.0,0,0.18846694177802967,-0.25803075888013294,-0.43628304720766903,0,0
4446,-1.9995403694479852,8,1.0,1,-0.38659786798570217,1.0,0,-0.9161597325421869,-0.6216195554839566,-0.43628304720766903,0,0
4448,0.24916435094983966,10,2.0,1,-0.46540217262139344,1.0,0,-0.49688537440604624,-0.25803075888013294,-0.43628304720766903,0,0
4460,-0.15969105275885576,9,2.0,1,-0.6252410924013333,1.0,0,-0.5049483428317413,-0.6216195554839566,-0.43628304720766903,0,0
4470,-1.0796157111034204,9,1.0,2,-0.04461692334024945,1.0,0,-0.18242960580394083,-0.6216195554839566,-0.43628304720766903,0,0
4471,1.7823721148574474,4,2.0,3,0.8356122907036985,0.0,0,-0.14614624788831326,0.4691468343275146,-0.43628304720766903,0,0
4473,-0.8751880092490727,9,2.0,1,-0.29998747657006036,1.0,0,-0.4646335007032662,-0.6216195554839566,2.0398468627012716,1,0
4477,-0.9774018601762466,4,1.0,2,-0.2635590715969578,0.0,0,-0.6097669323657764,-0.25803075888013294,-0.43628304720766903,0,0
4482,0.45359205280418735,0,2.0,1,-0.3048198160052678,1.0,0,0.05028386974865333,-0.6216195554839566,-0.43628304720766903,0,0
